"OBJECTID","ID_0","ISO","NAME_0","ID_1","NAME_1","ID_2","NAME_2","ID_3","NAME_3","CCN_3","CCA_3","TYPE_3","ENGTYPE_3","NL_NAME_3","VARNAME_3"
1,20,"BGD","Bangladesh",1,"Barisal",1,"Barisal",1,"Agailjhara",NA,"","Upazila|Thana|Po","Sub-district","",""
2,20,"BGD","Bangladesh",1,"Barisal",1,"Barisal",2,"Babuganj",NA,"","Upazila|Thana|Po","Sub-district","",""
3,20,"BGD","Bangladesh",1,"Barisal",1,"Barisal",3,"Bakerganj",NA,"","Upazila|Thana|Po","Sub-district","",""
4,20,"BGD","Bangladesh",1,"Barisal",1,"Barisal",4,"Banaripara",NA,"","Upazila|Thana|Po","Sub-district","",""
5,20,"BGD","Bangladesh",1,"Barisal",1,"Barisal",5,"Barisal S.",NA,"","Upazila|Thana|Po","Sub-district","",""
6,20,"BGD","Bangladesh",1,"Barisal",1,"Barisal",6,"Gaurnadi",NA,"","Upazila|Thana|Po","Sub-district","",""
7,20,"BGD","Bangladesh",1,"Barisal",1,"Barisal",7,"Hizla",NA,"","Upazila|Thana|Po","Sub-district","",""
8,20,"BGD","Bangladesh",1,"Barisal",1,"Barisal",8,"Mehendiganj",NA,"","Upazila|Thana|Po","Sub-district","",""
9,20,"BGD","Bangladesh",1,"Barisal",1,"Barisal",9,"Muladi",NA,"","Upazila|Thana|Po","Sub-district","",""
10,20,"BGD","Bangladesh",1,"Barisal",1,"Barisal",10,"Wazirpur",NA,"","Upazila|Thana|Po","Sub-district","",""
11,20,"BGD","Bangladesh",1,"Barisal",2,"Bhola",11,"Bhola S.",NA,"","Upazila|Thana|Po","Sub-district","",""
12,20,"BGD","Bangladesh",1,"Barisal",2,"Bhola",12,"Burhanuddin",NA,"","Upazila|Thana|Po","Sub-district","",""
13,20,"BGD","Bangladesh",1,"Barisal",2,"Bhola",13,"Charfasson",NA,"","Upazila|Thana|Po","Sub-district","",""
14,20,"BGD","Bangladesh",1,"Barisal",2,"Bhola",14,"Daulatkhan",NA,"","Upazila|Thana|Po","Sub-district","",""
15,20,"BGD","Bangladesh",1,"Barisal",2,"Bhola",15,"Lalmohan",NA,"","Upazila|Thana|Po","Sub-district","",""
16,20,"BGD","Bangladesh",1,"Barisal",2,"Bhola",16,"Manpura",NA,"","Upazila|Thana|Po","Sub-district","",""
17,20,"BGD","Bangladesh",1,"Barisal",2,"Bhola",17,"Tazumuddin",NA,"","Upazila|Thana|Po","Sub-district","",""
18,20,"BGD","Bangladesh",1,"Barisal",3,"Borgona",18,"Amtali",NA,"","Upazila|Thana|Po","Sub-district","",""
19,20,"BGD","Bangladesh",1,"Barisal",3,"Borgona",19,"Bamna",NA,"","Upazila|Thana|Po","Sub-district","",""
20,20,"BGD","Bangladesh",1,"Barisal",3,"Borgona",20,"Barguna S.",NA,"","Upazila|Thana|Po","Sub-district","",""
21,20,"BGD","Bangladesh",1,"Barisal",3,"Borgona",21,"Betagi",NA,"","Upazila|Thana|Po","Sub-district","",""
22,20,"BGD","Bangladesh",1,"Barisal",3,"Borgona",22,"Patharghata",NA,"","Upazila|Thana|Po","Sub-district","",""
23,20,"BGD","Bangladesh",1,"Barisal",4,"Jhalakati",23,"Jhalakati S.",NA,"","Upazila|Thana|Po","Sub-district","",""
24,20,"BGD","Bangladesh",1,"Barisal",4,"Jhalakati",24,"Kathalia",NA,"","Upazila|Thana|Po","Sub-district","",""
25,20,"BGD","Bangladesh",1,"Barisal",4,"Jhalakati",25,"Nalchity",NA,"","Upazila|Thana|Po","Sub-district","",""
26,20,"BGD","Bangladesh",1,"Barisal",4,"Jhalakati",26,"Rajapur",NA,"","Upazila|Thana|Po","Sub-district","",""
27,20,"BGD","Bangladesh",1,"Barisal",5,"Patuakhali",27,"Bauphal",NA,"","Upazila|Thana|Po","Sub-district","",""
28,20,"BGD","Bangladesh",1,"Barisal",5,"Patuakhali",28,"Dashina",NA,"","Upazila|Thana|Po","Sub-district","",""
29,20,"BGD","Bangladesh",1,"Barisal",5,"Patuakhali",29,"Galachipa",NA,"","Upazila|Thana|Po","Sub-district","",""
30,20,"BGD","Bangladesh",1,"Barisal",5,"Patuakhali",30,"Kalapara",NA,"","Upazila|Thana|Po","Sub-district","",""
31,20,"BGD","Bangladesh",1,"Barisal",5,"Patuakhali",31,"Mirzaganj",NA,"","Upazila|Thana|Po","Sub-district","",""
32,20,"BGD","Bangladesh",1,"Barisal",5,"Patuakhali",32,"Patuakhali S.",NA,"","Upazila|Thana|Po","Sub-district","",""
33,20,"BGD","Bangladesh",1,"Barisal",6,"Pirojpur",33,"Bhandaria",NA,"","Upazila|Thana|Po","Sub-district","",""
34,20,"BGD","Bangladesh",1,"Barisal",6,"Pirojpur",34,"Kawkhali",NA,"","Upazila|Thana|Po","Sub-district","","Pirojpur"
35,20,"BGD","Bangladesh",1,"Barisal",6,"Pirojpur",35,"Mathbaria",NA,"","Upazila|Thana|Po","Sub-district","",""
36,20,"BGD","Bangladesh",1,"Barisal",6,"Pirojpur",36,"Nazirpur",NA,"","Upazila|Thana|Po","Sub-district","",""
37,20,"BGD","Bangladesh",1,"Barisal",6,"Pirojpur",37,"Nesarabad",NA,"","Upazila|Thana|Po","Sub-district","","South Kati"
38,20,"BGD","Bangladesh",1,"Barisal",6,"Pirojpur",38,"Pirojpur S.",NA,"","Upazila|Thana|Po","Sub-district","",""
39,20,"BGD","Bangladesh",2,"Chittagong",7,"Bandarbon",39,"Alikadam",NA,"","Upazila|Thana|Po","Sub-district","",""
40,20,"BGD","Bangladesh",2,"Chittagong",7,"Bandarbon",40,"Bandarban S.",NA,"","Upazila|Thana|Po","Sub-district","",""
41,20,"BGD","Bangladesh",2,"Chittagong",7,"Bandarbon",41,"Lama",NA,"","Upazila|Thana|Po","Sub-district","",""
42,20,"BGD","Bangladesh",2,"Chittagong",7,"Bandarbon",42,"Naikhongchhari",NA,"","Upazila|Thana|Po","Sub-district","",""
43,20,"BGD","Bangladesh",2,"Chittagong",7,"Bandarbon",43,"Rowangghhari",NA,"","Upazila|Thana|Po","Sub-district","",""
44,20,"BGD","Bangladesh",2,"Chittagong",7,"Bandarbon",44,"Ruma",NA,"","Upazila|Thana|Po","Sub-district","",""
45,20,"BGD","Bangladesh",2,"Chittagong",7,"Bandarbon",45,"Thanchi",NA,"","Upazila|Thana|Po","Sub-district","",""
46,20,"BGD","Bangladesh",2,"Chittagong",8,"Brahmanbaria",46,"Akhaura",NA,"","Upazila|Thana|Po","Sub-district","",""
47,20,"BGD","Bangladesh",2,"Chittagong",8,"Brahmanbaria",47,"Bancharampur",NA,"","Upazila|Thana|Po","Sub-district","",""
48,20,"BGD","Bangladesh",2,"Chittagong",8,"Brahmanbaria",48,"Brahmanbaria S.",NA,"","Upazila|Thana|Po","Sub-district","",""
49,20,"BGD","Bangladesh",2,"Chittagong",8,"Brahmanbaria",49,"Kasba",NA,"","Upazila|Thana|Po","Sub-district","",""
50,20,"BGD","Bangladesh",2,"Chittagong",8,"Brahmanbaria",50,"Nabinagar",NA,"","Upazila|Thana|Po","Sub-district","",""
51,20,"BGD","Bangladesh",2,"Chittagong",8,"Brahmanbaria",51,"Nasirnagar",NA,"","Upazila|Thana|Po","Sub-district","",""
52,20,"BGD","Bangladesh",2,"Chittagong",8,"Brahmanbaria",52,"Sarail",NA,"","Upazila|Thana|Po","Sub-district","",""
53,20,"BGD","Bangladesh",2,"Chittagong",9,"Chandpur",53,"Chandpur S.",NA,"","Upazila|Thana|Po","Sub-district","",""
54,20,"BGD","Bangladesh",2,"Chittagong",9,"Chandpur",54,"Faridganj",NA,"","Upazila|Thana|Po","Sub-district","",""
55,20,"BGD","Bangladesh",2,"Chittagong",9,"Chandpur",55,"Haimchar",NA,"","Upazila|Thana|Po","Sub-district","",""
56,20,"BGD","Bangladesh",2,"Chittagong",9,"Chandpur",56,"Haziganj",NA,"","Upazila|Thana|Po","Sub-district","",""
57,20,"BGD","Bangladesh",2,"Chittagong",9,"Chandpur",57,"Kachua",NA,"","Upazila|Thana|Po","Sub-district","","Chandpur"
58,20,"BGD","Bangladesh",2,"Chittagong",9,"Chandpur",58,"Matlab",NA,"","Upazila|Thana|Po","Sub-district","",""
59,20,"BGD","Bangladesh",2,"Chittagong",9,"Chandpur",59,"Shahrasti",NA,"","Upazila|Thana|Po","Sub-district","",""
60,20,"BGD","Bangladesh",2,"Chittagong",10,"Chittagong",60,"Anwara",NA,"","Upazila|Thana|Po","Sub-district","",""
61,20,"BGD","Bangladesh",2,"Chittagong",10,"Chittagong",61,"Banshkhali",NA,"","Upazila|Thana|Po","Sub-district","",""
62,20,"BGD","Bangladesh",2,"Chittagong",10,"Chittagong",62,"Boalkhali",NA,"","Upazila|Thana|Po","Sub-district","",""
63,20,"BGD","Bangladesh",2,"Chittagong",10,"Chittagong",63,"Chandanaish",NA,"","Upazila|Thana|Po","Sub-district","",""
64,20,"BGD","Bangladesh",2,"Chittagong",10,"Chittagong",64,"Fatikchhari",NA,"","Upazila|Thana|Po","Sub-district","",""
65,20,"BGD","Bangladesh",2,"Chittagong",10,"Chittagong",65,"Hathazari",NA,"","Upazila|Thana|Po","Sub-district","",""
66,20,"BGD","Bangladesh",2,"Chittagong",10,"Chittagong",66,"Kotwali",NA,"","Upazila|Thana|Po","Sub-district","","Chittagong"
67,20,"BGD","Bangladesh",2,"Chittagong",10,"Chittagong",67,"Lohagara",NA,"","Upazila|Thana|Po","Sub-district","","Chittagong"
68,20,"BGD","Bangladesh",2,"Chittagong",10,"Chittagong",68,"Mirsharai",NA,"","Upazila|Thana|Po","Sub-district","",""
69,20,"BGD","Bangladesh",2,"Chittagong",10,"Chittagong",69,"Patiya",NA,"","Upazila|Thana|Po","Sub-district","",""
70,20,"BGD","Bangladesh",2,"Chittagong",10,"Chittagong",70,"Rangunia",NA,"","Upazila|Thana|Po","Sub-district","",""
71,20,"BGD","Bangladesh",2,"Chittagong",10,"Chittagong",71,"Raozan",NA,"","Upazila|Thana|Po","Sub-district","",""
72,20,"BGD","Bangladesh",2,"Chittagong",10,"Chittagong",72,"Sandwip",NA,"","Upazila|Thana|Po","Sub-district","",""
73,20,"BGD","Bangladesh",2,"Chittagong",10,"Chittagong",73,"Satkania",NA,"","Upazila|Thana|Po","Sub-district","",""
74,20,"BGD","Bangladesh",2,"Chittagong",10,"Chittagong",74,"Sitakunda",NA,"","Upazila|Thana|Po","Sub-district","",""
75,20,"BGD","Bangladesh",2,"Chittagong",11,"Comilla",75,"Barura",NA,"","Upazila|Thana|Po","Sub-district","",""
76,20,"BGD","Bangladesh",2,"Chittagong",11,"Comilla",76,"Brahmanpara",NA,"","Upazila|Thana|Po","Sub-district","",""
77,20,"BGD","Bangladesh",2,"Chittagong",11,"Comilla",77,"Burichang",NA,"","Upazila|Thana|Po","Sub-district","",""
78,20,"BGD","Bangladesh",2,"Chittagong",11,"Comilla",78,"Chandhina",NA,"","Upazila|Thana|Po","Sub-district","",""
79,20,"BGD","Bangladesh",2,"Chittagong",11,"Comilla",79,"Chauddagram",NA,"","Upazila|Thana|Po","Sub-district","",""
80,20,"BGD","Bangladesh",2,"Chittagong",11,"Comilla",80,"Comilla S.",NA,"","Upazila|Thana|Po","Sub-district","",""
81,20,"BGD","Bangladesh",2,"Chittagong",11,"Comilla",81,"Daudkandi",NA,"","Upazila|Thana|Po","Sub-district","",""
82,20,"BGD","Bangladesh",2,"Chittagong",11,"Comilla",82,"Debidwar",NA,"","Upazila|Thana|Po","Sub-district","",""
83,20,"BGD","Bangladesh",2,"Chittagong",11,"Comilla",83,"Homna",NA,"","Upazila|Thana|Po","Sub-district","",""
84,20,"BGD","Bangladesh",2,"Chittagong",11,"Comilla",84,"Laksam",NA,"","Upazila|Thana|Po","Sub-district","",""
85,20,"BGD","Bangladesh",2,"Chittagong",11,"Comilla",85,"Muradnagar",NA,"","Upazila|Thana|Po","Sub-district","",""
86,20,"BGD","Bangladesh",2,"Chittagong",11,"Comilla",86,"Nangalkot",NA,"","Upazila|Thana|Po","Sub-district","",""
87,20,"BGD","Bangladesh",2,"Chittagong",12,"Cox's Bazar",87,"Chakaria",NA,"","Upazila|Thana|Po","Sub-district","",""
88,20,"BGD","Bangladesh",2,"Chittagong",12,"Cox's Bazar",88,"Cox Bazar S",NA,"","Upazila|Thana|Po","Sub-district","",""
89,20,"BGD","Bangladesh",2,"Chittagong",12,"Cox's Bazar",89,"Kutubdia",NA,"","Upazila|Thana|Po","Sub-district","",""
90,20,"BGD","Bangladesh",2,"Chittagong",12,"Cox's Bazar",90,"Maheshkhali",NA,"","Upazila|Thana|Po","Sub-district","",""
91,20,"BGD","Bangladesh",2,"Chittagong",12,"Cox's Bazar",91,"Ramu",NA,"","Upazila|Thana|Po","Sub-district","",""
92,20,"BGD","Bangladesh",2,"Chittagong",12,"Cox's Bazar",92,"Teknaf",NA,"","Upazila|Thana|Po","Sub-district","",""
93,20,"BGD","Bangladesh",2,"Chittagong",12,"Cox's Bazar",93,"Ukhia",NA,"","Upazila|Thana|Po","Sub-district","",""
94,20,"BGD","Bangladesh",2,"Chittagong",13,"Feni",94,"Chhagalnaiya",NA,"","Upazila|Thana|Po","Sub-district","",""
95,20,"BGD","Bangladesh",2,"Chittagong",13,"Feni",95,"Daganbhuiyan",NA,"","Upazila|Thana|Po","Sub-district","",""
96,20,"BGD","Bangladesh",2,"Chittagong",13,"Feni",96,"Feni S.",NA,"","Upazila|Thana|Po","Sub-district","",""
97,20,"BGD","Bangladesh",2,"Chittagong",13,"Feni",97,"Parshuram",NA,"","Upazila|Thana|Po","Sub-district","",""
98,20,"BGD","Bangladesh",2,"Chittagong",13,"Feni",98,"Sonagazi",NA,"","Upazila|Thana|Po","Sub-district","",""
99,20,"BGD","Bangladesh",2,"Chittagong",14,"Khagrachari",99,"Dighinala",NA,"","Upazila|Thana|Po","Sub-district","",""
100,20,"BGD","Bangladesh",2,"Chittagong",14,"Khagrachari",100,"Khagrachhari",NA,"","Upazila|Thana|Po","Sub-district","",""
101,20,"BGD","Bangladesh",2,"Chittagong",14,"Khagrachari",101,"Lakshmichhari",NA,"","Upazila|Thana|Po","Sub-district","",""
102,20,"BGD","Bangladesh",2,"Chittagong",14,"Khagrachari",102,"Mahalchhari",NA,"","Upazila|Thana|Po","Sub-district","",""
103,20,"BGD","Bangladesh",2,"Chittagong",14,"Khagrachari",103,"Manikchhari",NA,"","Upazila|Thana|Po","Sub-district","",""
104,20,"BGD","Bangladesh",2,"Chittagong",14,"Khagrachari",104,"Matiranga",NA,"","Upazila|Thana|Po","Sub-district","",""
105,20,"BGD","Bangladesh",2,"Chittagong",14,"Khagrachari",105,"Panchhari",NA,"","Upazila|Thana|Po","Sub-district","",""
106,20,"BGD","Bangladesh",2,"Chittagong",14,"Khagrachari",106,"Ramgarh",NA,"","Upazila|Thana|Po","Sub-district","",""
107,20,"BGD","Bangladesh",2,"Chittagong",15,"Lakshmipur",107,"Lakshmipur S.",NA,"","Upazila|Thana|Po","Sub-district","",""
108,20,"BGD","Bangladesh",2,"Chittagong",15,"Lakshmipur",108,"Raipur",NA,"","Upazila|Thana|Po","Sub-district","","Lakshmipur"
109,20,"BGD","Bangladesh",2,"Chittagong",15,"Lakshmipur",109,"Ramganj",NA,"","Upazila|Thana|Po","Sub-district","",""
110,20,"BGD","Bangladesh",2,"Chittagong",15,"Lakshmipur",110,"Ramgati",NA,"","Upazila|Thana|Po","Sub-district","",""
111,20,"BGD","Bangladesh",2,"Chittagong",16,"Noakhali",111,"Begumganj",NA,"","Upazila|Thana|Po","Sub-district","",""
112,20,"BGD","Bangladesh",2,"Chittagong",16,"Noakhali",112,"Chatkhil",NA,"","Upazila|Thana|Po","Sub-district","",""
113,20,"BGD","Bangladesh",2,"Chittagong",16,"Noakhali",113,"Companiganj",NA,"","Upazila|Thana|Po","Sub-district","","Noakhali"
114,20,"BGD","Bangladesh",2,"Chittagong",16,"Noakhali",114,"Hatiya",NA,"","Upazila|Thana|Po","Sub-district","",""
115,20,"BGD","Bangladesh",2,"Chittagong",16,"Noakhali",115,"Noakhali S.",NA,"","Upazila|Thana|Po","Sub-district","",""
116,20,"BGD","Bangladesh",2,"Chittagong",16,"Noakhali",116,"Senbagh",NA,"","Upazila|Thana|Po","Sub-district","",""
117,20,"BGD","Bangladesh",2,"Chittagong",17,"Parbattya Chattagram",117,"Bagaichhari",NA,"","Upazila|Thana|Po","Sub-district","",""
118,20,"BGD","Bangladesh",2,"Chittagong",17,"Parbattya Chattagram",118,"Barkal",NA,"","Upazila|Thana|Po","Sub-district","",""
119,20,"BGD","Bangladesh",2,"Chittagong",17,"Parbattya Chattagram",119,"Belaichhari",NA,"","Upazila|Thana|Po","Sub-district","",""
120,20,"BGD","Bangladesh",2,"Chittagong",17,"Parbattya Chattagram",120,"Juraichhari",NA,"","Upazila|Thana|Po","Sub-district","",""
121,20,"BGD","Bangladesh",2,"Chittagong",17,"Parbattya Chattagram",121,"Kaptai",NA,"","Upazila|Thana|Po","Sub-district","",""
122,20,"BGD","Bangladesh",2,"Chittagong",17,"Parbattya Chattagram",122,"Kawkhali",NA,"","Upazila|Thana|Po","Sub-district","","Rangamati"
123,20,"BGD","Bangladesh",2,"Chittagong",17,"Parbattya Chattagram",123,"Langadu",NA,"","Upazila|Thana|Po","Sub-district","",""
124,20,"BGD","Bangladesh",2,"Chittagong",17,"Parbattya Chattagram",124,"Nannerchar",NA,"","Upazila|Thana|Po","Sub-district","",""
125,20,"BGD","Bangladesh",2,"Chittagong",17,"Parbattya Chattagram",125,"Rajasthali",NA,"","Upazila|Thana|Po","Sub-district","",""
126,20,"BGD","Bangladesh",2,"Chittagong",17,"Parbattya Chattagram",126,"Rangamati S.",NA,"","Upazila|Thana|Po","Sub-district","",""
127,20,"BGD","Bangladesh",3,"Dhaka",18,"Dhaka",127,"Dhamrai",NA,"","Upazila|Thana|Po","Sub-district","",""
128,20,"BGD","Bangladesh",3,"Dhaka",18,"Dhaka",128,"Dohar",NA,"","Upazila|Thana|Po","Sub-district","",""
129,20,"BGD","Bangladesh",3,"Dhaka",18,"Dhaka",129,"Keraniganj",NA,"","Upazila|Thana|Po","Sub-district","",""
130,20,"BGD","Bangladesh",3,"Dhaka",18,"Dhaka",130,"Nawabganj",NA,"","Upazila|Thana|Po","Sub-district","","Dhaka"
131,20,"BGD","Bangladesh",3,"Dhaka",18,"Dhaka",131,"Savar",NA,"","Upazila|Thana|Po","Sub-district","",""
132,20,"BGD","Bangladesh",3,"Dhaka",18,"Dhaka",132,"Tejgaon",NA,"","Upazila|Thana|Po","Sub-district","",""
133,20,"BGD","Bangladesh",3,"Dhaka",19,"Faridpur",133,"Alfadanga",NA,"","Upazila|Thana|Po","Sub-district","",""
134,20,"BGD","Bangladesh",3,"Dhaka",19,"Faridpur",134,"Bhanga",NA,"","Upazila|Thana|Po","Sub-district","",""
135,20,"BGD","Bangladesh",3,"Dhaka",19,"Faridpur",135,"Boalmari",NA,"","Upazila|Thana|Po","Sub-district","",""
136,20,"BGD","Bangladesh",3,"Dhaka",19,"Faridpur",136,"Char Bhadrasan",NA,"","Upazila|Thana|Po","Sub-district","",""
137,20,"BGD","Bangladesh",3,"Dhaka",19,"Faridpur",137,"Faridpur S.",NA,"","Upazila|Thana|Po","Sub-district","",""
138,20,"BGD","Bangladesh",3,"Dhaka",19,"Faridpur",138,"Madhukhali",NA,"","Upazila|Thana|Po","Sub-district","",""
139,20,"BGD","Bangladesh",3,"Dhaka",19,"Faridpur",139,"Nagarkanda",NA,"","Upazila|Thana|Po","Sub-district","",""
140,20,"BGD","Bangladesh",3,"Dhaka",19,"Faridpur",140,"Sadarpur",NA,"","Upazila|Thana|Po","Sub-district","",""
141,20,"BGD","Bangladesh",3,"Dhaka",20,"Gazipur",141,"Gazipur S.",NA,"","Upazila|Thana|Po","Sub-district","",""
142,20,"BGD","Bangladesh",3,"Dhaka",20,"Gazipur",142,"Kaliakair",NA,"","Upazila|Thana|Po","Sub-district","",""
143,20,"BGD","Bangladesh",3,"Dhaka",20,"Gazipur",143,"Kaliganj",NA,"","Upazila|Thana|Po","Sub-district","","Gazipur"
144,20,"BGD","Bangladesh",3,"Dhaka",20,"Gazipur",144,"Kapasia",NA,"","Upazila|Thana|Po","Sub-district","",""
145,20,"BGD","Bangladesh",3,"Dhaka",20,"Gazipur",145,"Sreepur",NA,"","Upazila|Thana|Po","Sub-district","","Gazipur"
146,20,"BGD","Bangladesh",3,"Dhaka",21,"Gopalgonj",146,"Gopalganj S.",NA,"","Upazila|Thana|Po","Sub-district","",""
147,20,"BGD","Bangladesh",3,"Dhaka",21,"Gopalgonj",147,"Kashiani",NA,"","Upazila|Thana|Po","Sub-district","",""
148,20,"BGD","Bangladesh",3,"Dhaka",21,"Gopalgonj",148,"Kotalipara",NA,"","Upazila|Thana|Po","Sub-district","",""
149,20,"BGD","Bangladesh",3,"Dhaka",21,"Gopalgonj",149,"Muksudpur",NA,"","Upazila|Thana|Po","Sub-district","",""
150,20,"BGD","Bangladesh",3,"Dhaka",21,"Gopalgonj",150,"Tungipara",NA,"","Upazila|Thana|Po","Sub-district","",""
151,20,"BGD","Bangladesh",3,"Dhaka",22,"Jamalpur",151,"Baksiganj",NA,"","Upazila|Thana|Po","Sub-district","",""
152,20,"BGD","Bangladesh",3,"Dhaka",22,"Jamalpur",152,"Dewanganj",NA,"","Upazila|Thana|Po","Sub-district","",""
153,20,"BGD","Bangladesh",3,"Dhaka",22,"Jamalpur",153,"Islampur",NA,"","Upazila|Thana|Po","Sub-district","",""
154,20,"BGD","Bangladesh",3,"Dhaka",22,"Jamalpur",154,"Jamalpur S.",NA,"","Upazila|Thana|Po","Sub-district","",""
155,20,"BGD","Bangladesh",3,"Dhaka",22,"Jamalpur",155,"Madarganj",NA,"","Upazila|Thana|Po","Sub-district","",""
156,20,"BGD","Bangladesh",3,"Dhaka",22,"Jamalpur",156,"Melandaha",NA,"","Upazila|Thana|Po","Sub-district","",""
157,20,"BGD","Bangladesh",3,"Dhaka",22,"Jamalpur",157,"Sarishabari",NA,"","Upazila|Thana|Po","Sub-district","",""
158,20,"BGD","Bangladesh",3,"Dhaka",23,"Kishoreganj",158,"Astagram",NA,"","Upazila|Thana|Po","Sub-district","",""
159,20,"BGD","Bangladesh",3,"Dhaka",23,"Kishoreganj",159,"Bajitpur",NA,"","Upazila|Thana|Po","Sub-district","",""
160,20,"BGD","Bangladesh",3,"Dhaka",23,"Kishoreganj",160,"Bhairab",NA,"","Upazila|Thana|Po","Sub-district","",""
161,20,"BGD","Bangladesh",3,"Dhaka",23,"Kishoreganj",161,"Hossainpur",NA,"","Upazila|Thana|Po","Sub-district","",""
162,20,"BGD","Bangladesh",3,"Dhaka",23,"Kishoreganj",162,"Itna",NA,"","Upazila|Thana|Po","Sub-district","",""
163,20,"BGD","Bangladesh",3,"Dhaka",23,"Kishoreganj",163,"Karimganj",NA,"","Upazila|Thana|Po","Sub-district","",""
164,20,"BGD","Bangladesh",3,"Dhaka",23,"Kishoreganj",164,"Katiadi",NA,"","Upazila|Thana|Po","Sub-district","",""
165,20,"BGD","Bangladesh",3,"Dhaka",23,"Kishoreganj",165,"Kishoreganj S.",NA,"","Upazila|Thana|Po","Sub-district","",""
166,20,"BGD","Bangladesh",3,"Dhaka",23,"Kishoreganj",166,"Kuliarchar",NA,"","Upazila|Thana|Po","Sub-district","",""
167,20,"BGD","Bangladesh",3,"Dhaka",23,"Kishoreganj",167,"Mithamain",NA,"","Upazila|Thana|Po","Sub-district","",""
168,20,"BGD","Bangladesh",3,"Dhaka",23,"Kishoreganj",168,"Nikli",NA,"","Upazila|Thana|Po","Sub-district","",""
169,20,"BGD","Bangladesh",3,"Dhaka",23,"Kishoreganj",169,"Pakundia",NA,"","Upazila|Thana|Po","Sub-district","",""
170,20,"BGD","Bangladesh",3,"Dhaka",23,"Kishoreganj",170,"Tarail",NA,"","Upazila|Thana|Po","Sub-district","",""
171,20,"BGD","Bangladesh",3,"Dhaka",24,"Madaripur",171,"Kalkini",NA,"","Upazila|Thana|Po","Sub-district","",""
172,20,"BGD","Bangladesh",3,"Dhaka",24,"Madaripur",172,"Madaripur S.",NA,"","Upazila|Thana|Po","Sub-district","",""
173,20,"BGD","Bangladesh",3,"Dhaka",24,"Madaripur",173,"Rajoir",NA,"","Upazila|Thana|Po","Sub-district","",""
174,20,"BGD","Bangladesh",3,"Dhaka",24,"Madaripur",174,"Shibchar",NA,"","Upazila|Thana|Po","Sub-district","",""
175,20,"BGD","Bangladesh",3,"Dhaka",25,"Manikgonj",175,"Daulatpur",NA,"","Upazila|Thana|Po","Sub-district","","Manikganj"
176,20,"BGD","Bangladesh",3,"Dhaka",25,"Manikgonj",176,"Ghior",NA,"","Upazila|Thana|Po","Sub-district","",""
177,20,"BGD","Bangladesh",3,"Dhaka",25,"Manikgonj",177,"Harirampur",NA,"","Upazila|Thana|Po","Sub-district","",""
178,20,"BGD","Bangladesh",3,"Dhaka",25,"Manikgonj",178,"Manikganj S.",NA,"","Upazila|Thana|Po","Sub-district","",""
179,20,"BGD","Bangladesh",3,"Dhaka",25,"Manikgonj",179,"Saturia",NA,"","Upazila|Thana|Po","Sub-district","",""
180,20,"BGD","Bangladesh",3,"Dhaka",25,"Manikgonj",180,"Shivalaya",NA,"","Upazila|Thana|Po","Sub-district","",""
181,20,"BGD","Bangladesh",3,"Dhaka",25,"Manikgonj",181,"Singair",NA,"","Upazila|Thana|Po","Sub-district","",""
182,20,"BGD","Bangladesh",3,"Dhaka",26,"Munshigonj",182,"Gazaria",NA,"","Upazila|Thana|Po","Sub-district","",""
183,20,"BGD","Bangladesh",3,"Dhaka",26,"Munshigonj",183,"Lohajang",NA,"","Upazila|Thana|Po","Sub-district","",""
184,20,"BGD","Bangladesh",3,"Dhaka",26,"Munshigonj",184,"Munshiganj S.",NA,"","Upazila|Thana|Po","Sub-district","",""
185,20,"BGD","Bangladesh",3,"Dhaka",26,"Munshigonj",185,"Sirajdikhan",NA,"","Upazila|Thana|Po","Sub-district","",""
186,20,"BGD","Bangladesh",3,"Dhaka",26,"Munshigonj",186,"Sreenagar",NA,"","Upazila|Thana|Po","Sub-district","",""
187,20,"BGD","Bangladesh",3,"Dhaka",26,"Munshigonj",187,"Tongibari",NA,"","Upazila|Thana|Po","Sub-district","",""
188,20,"BGD","Bangladesh",3,"Dhaka",27,"Naray Angonj",188,"Araihazar",NA,"","Upazila|Thana|Po","Sub-district","",""
189,20,"BGD","Bangladesh",3,"Dhaka",27,"Naray Angonj",189,"Bandar",NA,"","Upazila|Thana|Po","Sub-district","",""
190,20,"BGD","Bangladesh",3,"Dhaka",27,"Naray Angonj",190,"Narayanganj S.",NA,"","Upazila|Thana|Po","Sub-district","",""
191,20,"BGD","Bangladesh",3,"Dhaka",27,"Naray Angonj",191,"Rupganj",NA,"","Upazila|Thana|Po","Sub-district","",""
192,20,"BGD","Bangladesh",3,"Dhaka",27,"Naray Angonj",192,"Sonargaon",NA,"","Upazila|Thana|Po","Sub-district","",""
193,20,"BGD","Bangladesh",3,"Dhaka",28,"Narshingdi",193,"Belabo",NA,"","Upazila|Thana|Po","Sub-district","",""
194,20,"BGD","Bangladesh",3,"Dhaka",28,"Narshingdi",194,"Manohardi",NA,"","Upazila|Thana|Po","Sub-district","",""
195,20,"BGD","Bangladesh",3,"Dhaka",28,"Narshingdi",195,"Narsingdi S.",NA,"","Upazila|Thana|Po","Sub-district","",""
196,20,"BGD","Bangladesh",3,"Dhaka",28,"Narshingdi",196,"Palash",NA,"","Upazila|Thana|Po","Sub-district","",""
197,20,"BGD","Bangladesh",3,"Dhaka",28,"Narshingdi",197,"Raipur",NA,"","Upazila|Thana|Po","Sub-district","","Narsingdi"
198,20,"BGD","Bangladesh",3,"Dhaka",28,"Narshingdi",198,"Shibpur",NA,"","Upazila|Thana|Po","Sub-district","",""
199,20,"BGD","Bangladesh",3,"Dhaka",29,"Nasirabad",199,"Bhaluka",NA,"","Upazila|Thana|Po","Sub-district","",""
200,20,"BGD","Bangladesh",3,"Dhaka",29,"Nasirabad",200,"Dhobaura",NA,"","Upazila|Thana|Po","Sub-district","",""
201,20,"BGD","Bangladesh",3,"Dhaka",29,"Nasirabad",201,"Gaffargaon",NA,"","Upazila|Thana|Po","Sub-district","",""
202,20,"BGD","Bangladesh",3,"Dhaka",29,"Nasirabad",202,"Gauripur",NA,"","Upazila|Thana|Po","Sub-district","",""
203,20,"BGD","Bangladesh",3,"Dhaka",29,"Nasirabad",203,"Haluaghat",NA,"","Upazila|Thana|Po","Sub-district","",""
204,20,"BGD","Bangladesh",3,"Dhaka",29,"Nasirabad",204,"Ishwarganj",NA,"","Upazila|Thana|Po","Sub-district","",""
205,20,"BGD","Bangladesh",3,"Dhaka",29,"Nasirabad",205,"Muktagachha",NA,"","Upazila|Thana|Po","Sub-district","",""
206,20,"BGD","Bangladesh",3,"Dhaka",29,"Nasirabad",206,"Mymensingh S.",NA,"","Upazila|Thana|Po","Sub-district","",""
207,20,"BGD","Bangladesh",3,"Dhaka",29,"Nasirabad",207,"Nandail",NA,"","Upazila|Thana|Po","Sub-district","",""
208,20,"BGD","Bangladesh",3,"Dhaka",29,"Nasirabad",208,"Phulbari",NA,"","Upazila|Thana|Po","Sub-district","","Mymensingh"
209,20,"BGD","Bangladesh",3,"Dhaka",29,"Nasirabad",209,"Phulpur",NA,"","Upazila|Thana|Po","Sub-district","",""
210,20,"BGD","Bangladesh",3,"Dhaka",29,"Nasirabad",210,"Trishal",NA,"","Upazila|Thana|Po","Sub-district","",""
211,20,"BGD","Bangladesh",3,"Dhaka",30,"Netrakona",211,"Atpara",NA,"","Upazila|Thana|Po","Sub-district","",""
212,20,"BGD","Bangladesh",3,"Dhaka",30,"Netrakona",212,"Barhatta",NA,"","Upazila|Thana|Po","Sub-district","",""
213,20,"BGD","Bangladesh",3,"Dhaka",30,"Netrakona",213,"Durgapur",NA,"","Upazila|Thana|Po","Sub-district","","Netrokona"
214,20,"BGD","Bangladesh",3,"Dhaka",30,"Netrakona",214,"Kalmakanda",NA,"","Upazila|Thana|Po","Sub-district","",""
215,20,"BGD","Bangladesh",3,"Dhaka",30,"Netrakona",215,"Kendua",NA,"","Upazila|Thana|Po","Sub-district","",""
216,20,"BGD","Bangladesh",3,"Dhaka",30,"Netrakona",216,"Khaliajuri",NA,"","Upazila|Thana|Po","Sub-district","",""
217,20,"BGD","Bangladesh",3,"Dhaka",30,"Netrakona",217,"Madan",NA,"","Upazila|Thana|Po","Sub-district","",""
218,20,"BGD","Bangladesh",3,"Dhaka",30,"Netrakona",218,"Mohanganj",NA,"","Upazila|Thana|Po","Sub-district","",""
219,20,"BGD","Bangladesh",3,"Dhaka",30,"Netrakona",219,"Netrokona S.",NA,"","Upazila|Thana|Po","Sub-district","",""
220,20,"BGD","Bangladesh",3,"Dhaka",30,"Netrakona",220,"Purbadhala",NA,"","Upazila|Thana|Po","Sub-district","",""
221,20,"BGD","Bangladesh",3,"Dhaka",31,"Rajbari",221,"Baliakandi",NA,"","Upazila|Thana|Po","Sub-district","",""
222,20,"BGD","Bangladesh",3,"Dhaka",31,"Rajbari",222,"Goalandaghat",NA,"","Upazila|Thana|Po","Sub-district","",""
223,20,"BGD","Bangladesh",3,"Dhaka",31,"Rajbari",223,"Pangsha",NA,"","Upazila|Thana|Po","Sub-district","",""
224,20,"BGD","Bangladesh",3,"Dhaka",31,"Rajbari",224,"Rajbari S.",NA,"","Upazila|Thana|Po","Sub-district","",""
225,20,"BGD","Bangladesh",3,"Dhaka",32,"Shariatpur",225,"Bhedarganj",NA,"","Upazila|Thana|Po","Sub-district","",""
226,20,"BGD","Bangladesh",3,"Dhaka",32,"Shariatpur",226,"Damudya",NA,"","Upazila|Thana|Po","Sub-district","",""
227,20,"BGD","Bangladesh",3,"Dhaka",32,"Shariatpur",227,"Gosairhat",NA,"","Upazila|Thana|Po","Sub-district","",""
228,20,"BGD","Bangladesh",3,"Dhaka",32,"Shariatpur",228,"Shariatpur S.",NA,"","Upazila|Thana|Po","Sub-district","",""
229,20,"BGD","Bangladesh",3,"Dhaka",32,"Shariatpur",229,"Zanjira",NA,"","Upazila|Thana|Po","Sub-district","",""
230,20,"BGD","Bangladesh",3,"Dhaka",33,"Sherpur",230,"Jhenaigati",NA,"","Upazila|Thana|Po","Sub-district","",""
231,20,"BGD","Bangladesh",3,"Dhaka",33,"Sherpur",231,"Nakla",NA,"","Upazila|Thana|Po","Sub-district","",""
232,20,"BGD","Bangladesh",3,"Dhaka",33,"Sherpur",232,"Nalitabari",NA,"","Upazila|Thana|Po","Sub-district","",""
233,20,"BGD","Bangladesh",3,"Dhaka",33,"Sherpur",233,"Sherpur S.",NA,"","Upazila|Thana|Po","Sub-district","",""
234,20,"BGD","Bangladesh",3,"Dhaka",33,"Sherpur",234,"Sreebardi",NA,"","Upazila|Thana|Po","Sub-district","",""
235,20,"BGD","Bangladesh",3,"Dhaka",34,"Tangail",235,"Basail",NA,"","Upazila|Thana|Po","Sub-district","",""
236,20,"BGD","Bangladesh",3,"Dhaka",34,"Tangail",236,"Bhuapur",NA,"","Upazila|Thana|Po","Sub-district","",""
237,20,"BGD","Bangladesh",3,"Dhaka",34,"Tangail",237,"Delduar",NA,"","Upazila|Thana|Po","Sub-district","",""
238,20,"BGD","Bangladesh",3,"Dhaka",34,"Tangail",238,"Ghatail",NA,"","Upazila|Thana|Po","Sub-district","",""
239,20,"BGD","Bangladesh",3,"Dhaka",34,"Tangail",239,"Gopalpur",NA,"","Upazila|Thana|Po","Sub-district","",""
240,20,"BGD","Bangladesh",3,"Dhaka",34,"Tangail",240,"Kalihati",NA,"","Upazila|Thana|Po","Sub-district","",""
241,20,"BGD","Bangladesh",3,"Dhaka",34,"Tangail",241,"Madhupur",NA,"","Upazila|Thana|Po","Sub-district","",""
242,20,"BGD","Bangladesh",3,"Dhaka",34,"Tangail",242,"Mirzapur",NA,"","Upazila|Thana|Po","Sub-district","",""
243,20,"BGD","Bangladesh",3,"Dhaka",34,"Tangail",243,"Nagarpur",NA,"","Upazila|Thana|Po","Sub-district","",""
244,20,"BGD","Bangladesh",3,"Dhaka",34,"Tangail",244,"Sakhipur",NA,"","Upazila|Thana|Po","Sub-district","",""
245,20,"BGD","Bangladesh",3,"Dhaka",34,"Tangail",245,"Tangail S.",NA,"","Upazila|Thana|Po","Sub-district","",""
246,20,"BGD","Bangladesh",4,"Khulna",35,"Bagerhat",246,"Bagerhat S.",NA,"","Upazila|Thana|Po","Sub-district","",""
247,20,"BGD","Bangladesh",4,"Khulna",35,"Bagerhat",247,"Chitalmari",NA,"","Upazila|Thana|Po","Sub-district","",""
248,20,"BGD","Bangladesh",4,"Khulna",35,"Bagerhat",248,"Fakirhat",NA,"","Upazila|Thana|Po","Sub-district","",""
249,20,"BGD","Bangladesh",4,"Khulna",35,"Bagerhat",249,"Kachua",NA,"","Upazila|Thana|Po","Sub-district","","Bagerhat"
250,20,"BGD","Bangladesh",4,"Khulna",35,"Bagerhat",250,"Mollahat",NA,"","Upazila|Thana|Po","Sub-district","",""
251,20,"BGD","Bangladesh",4,"Khulna",35,"Bagerhat",251,"Mongla",NA,"","Upazila|Thana|Po","Sub-district","",""
252,20,"BGD","Bangladesh",4,"Khulna",35,"Bagerhat",252,"Morrelganj",NA,"","Upazila|Thana|Po","Sub-district","",""
253,20,"BGD","Bangladesh",4,"Khulna",35,"Bagerhat",253,"Rampal",NA,"","Upazila|Thana|Po","Sub-district","",""
254,20,"BGD","Bangladesh",4,"Khulna",36,"Choua Danga",254,"Alamdanga",NA,"","Upazila|Thana|Po","Sub-district","",""
255,20,"BGD","Bangladesh",4,"Khulna",36,"Choua Danga",255,"Chuadanga S.",NA,"","Upazila|Thana|Po","Sub-district","",""
256,20,"BGD","Bangladesh",4,"Khulna",36,"Choua Danga",256,"Damurhula",NA,"","Upazila|Thana|Po","Sub-district","",""
257,20,"BGD","Bangladesh",4,"Khulna",36,"Choua Danga",257,"Jibannagar",NA,"","Upazila|Thana|Po","Sub-district","",""
258,20,"BGD","Bangladesh",4,"Khulna",37,"Jessore",258,"Abhaynagar",NA,"","Upazila|Thana|Po","Sub-district","",""
259,20,"BGD","Bangladesh",4,"Khulna",37,"Jessore",259,"Bagherpara",NA,"","Upazila|Thana|Po","Sub-district","",""
260,20,"BGD","Bangladesh",4,"Khulna",37,"Jessore",260,"Chaugachha",NA,"","Upazila|Thana|Po","Sub-district","",""
261,20,"BGD","Bangladesh",4,"Khulna",37,"Jessore",261,"Jessore S.",NA,"","Upazila|Thana|Po","Sub-district","",""
262,20,"BGD","Bangladesh",4,"Khulna",37,"Jessore",262,"Jhikargachha",NA,"","Upazila|Thana|Po","Sub-district","",""
263,20,"BGD","Bangladesh",4,"Khulna",37,"Jessore",263,"Keshabpur",NA,"","Upazila|Thana|Po","Sub-district","",""
264,20,"BGD","Bangladesh",4,"Khulna",37,"Jessore",264,"Manirampur",NA,"","Upazila|Thana|Po","Sub-district","",""
265,20,"BGD","Bangladesh",4,"Khulna",37,"Jessore",265,"Sharsha",NA,"","Upazila|Thana|Po","Sub-district","",""
266,20,"BGD","Bangladesh",4,"Khulna",38,"Jhenaidah",266,"Harinakunda",NA,"","Upazila|Thana|Po","Sub-district","",""
267,20,"BGD","Bangladesh",4,"Khulna",38,"Jhenaidah",267,"Jhenaidaha S.",NA,"","Upazila|Thana|Po","Sub-district","",""
268,20,"BGD","Bangladesh",4,"Khulna",38,"Jhenaidah",268,"Kaliganj",NA,"","Upazila|Thana|Po","Sub-district","","Jhenaidaha"
269,20,"BGD","Bangladesh",4,"Khulna",38,"Jhenaidah",269,"Kotchandpur",NA,"","Upazila|Thana|Po","Sub-district","",""
270,20,"BGD","Bangladesh",4,"Khulna",38,"Jhenaidah",270,"Maheshpur",NA,"","Upazila|Thana|Po","Sub-district","",""
271,20,"BGD","Bangladesh",4,"Khulna",38,"Jhenaidah",271,"Shailkupa",NA,"","Upazila|Thana|Po","Sub-district","",""
272,20,"BGD","Bangladesh",4,"Khulna",39,"Khulna",272,"Batiaghata",NA,"","Upazila|Thana|Po","Sub-district","",""
273,20,"BGD","Bangladesh",4,"Khulna",39,"Khulna",273,"Dacope",NA,"","Upazila|Thana|Po","Sub-district","",""
274,20,"BGD","Bangladesh",4,"Khulna",39,"Khulna",274,"Dighalia",NA,"","Upazila|Thana|Po","Sub-district","",""
275,20,"BGD","Bangladesh",4,"Khulna",39,"Khulna",275,"Dumuria",NA,"","Upazila|Thana|Po","Sub-district","",""
276,20,"BGD","Bangladesh",4,"Khulna",39,"Khulna",276,"Kotwali",NA,"","Upazila|Thana|Po","Sub-district","","Khulna"
277,20,"BGD","Bangladesh",4,"Khulna",39,"Khulna",277,"Koyra",NA,"","Upazila|Thana|Po","Sub-district","",""
278,20,"BGD","Bangladesh",4,"Khulna",39,"Khulna",278,"Paikgachha",NA,"","Upazila|Thana|Po","Sub-district","",""
279,20,"BGD","Bangladesh",4,"Khulna",39,"Khulna",279,"Phultala",NA,"","Upazila|Thana|Po","Sub-district","",""
280,20,"BGD","Bangladesh",4,"Khulna",39,"Khulna",280,"Rupsa",NA,"","Upazila|Thana|Po","Sub-district","",""
281,20,"BGD","Bangladesh",4,"Khulna",39,"Khulna",281,"Terokhada",NA,"","Upazila|Thana|Po","Sub-district","",""
282,20,"BGD","Bangladesh",4,"Khulna",40,"Kustia",282,"Bheramara",NA,"","Upazila|Thana|Po","Sub-district","",""
283,20,"BGD","Bangladesh",4,"Khulna",40,"Kustia",283,"Daulatpur",NA,"","Upazila|Thana|Po","Sub-district","","Kushtia"
284,20,"BGD","Bangladesh",4,"Khulna",40,"Kustia",284,"Khoksa",NA,"","Upazila|Thana|Po","Sub-district","",""
285,20,"BGD","Bangladesh",4,"Khulna",40,"Kustia",285,"Kumarkhali",NA,"","Upazila|Thana|Po","Sub-district","",""
286,20,"BGD","Bangladesh",4,"Khulna",40,"Kustia",286,"Kushtia S.",NA,"","Upazila|Thana|Po","Sub-district","",""
287,20,"BGD","Bangladesh",4,"Khulna",40,"Kustia",287,"Mirpur",NA,"","Upazila|Thana|Po","Sub-district","","Kushtia"
288,20,"BGD","Bangladesh",4,"Khulna",41,"Magura",288,"Magura S.",NA,"","Upazila|Thana|Po","Sub-district","",""
289,20,"BGD","Bangladesh",4,"Khulna",41,"Magura",289,"Mohammadpur",NA,"","Upazila|Thana|Po","Sub-district","","Magura"
290,20,"BGD","Bangladesh",4,"Khulna",41,"Magura",290,"Shalikha",NA,"","Upazila|Thana|Po","Sub-district","",""
291,20,"BGD","Bangladesh",4,"Khulna",41,"Magura",291,"Sreepur",NA,"","Upazila|Thana|Po","Sub-district","","Magura"
292,20,"BGD","Bangladesh",4,"Khulna",42,"Meherpur",292,"Gangni",NA,"","Upazila|Thana|Po","Sub-district","",""
293,20,"BGD","Bangladesh",4,"Khulna",42,"Meherpur",293,"Meherpur S.",NA,"","Upazila|Thana|Po","Sub-district","",""
294,20,"BGD","Bangladesh",4,"Khulna",43,"Narail",294,"Kalia",NA,"","Upazila|Thana|Po","Sub-district","",""
295,20,"BGD","Bangladesh",4,"Khulna",43,"Narail",295,"Lohagara",NA,"","Upazila|Thana|Po","Sub-district","","Narail"
296,20,"BGD","Bangladesh",4,"Khulna",43,"Narail",296,"Narail S.",NA,"","Upazila|Thana|Po","Sub-district","",""
297,20,"BGD","Bangladesh",4,"Khulna",44,"Shatkhira",297,"Assasuni",NA,"","Upazila|Thana|Po","Sub-district","",""
298,20,"BGD","Bangladesh",4,"Khulna",44,"Shatkhira",298,"Debhata",NA,"","Upazila|Thana|Po","Sub-district","",""
299,20,"BGD","Bangladesh",4,"Khulna",44,"Shatkhira",299,"Kalaroa",NA,"","Upazila|Thana|Po","Sub-district","",""
300,20,"BGD","Bangladesh",4,"Khulna",44,"Shatkhira",300,"Kaliganj",NA,"","Upazila|Thana|Po","Sub-district","","Satkhira"
301,20,"BGD","Bangladesh",4,"Khulna",44,"Shatkhira",301,"Satkhira S.",NA,"","Upazila|Thana|Po","Sub-district","",""
302,20,"BGD","Bangladesh",4,"Khulna",44,"Shatkhira",302,"Shyamnagar",NA,"","Upazila|Thana|Po","Sub-district","",""
303,20,"BGD","Bangladesh",4,"Khulna",44,"Shatkhira",303,"Tala",NA,"","Upazila|Thana|Po","Sub-district","",""
304,20,"BGD","Bangladesh",5,"Rajshahi",45,"Bogra",304,"Adamdighi",NA,"","Upazila|Thana|Po","Sub-district","",""
305,20,"BGD","Bangladesh",5,"Rajshahi",45,"Bogra",305,"Bogra S.",NA,"","Upazila|Thana|Po","Sub-district","",""
306,20,"BGD","Bangladesh",5,"Rajshahi",45,"Bogra",306,"Dhunat",NA,"","Upazila|Thana|Po","Sub-district","",""
307,20,"BGD","Bangladesh",5,"Rajshahi",45,"Bogra",307,"Dupchanchia",NA,"","Upazila|Thana|Po","Sub-district","",""
308,20,"BGD","Bangladesh",5,"Rajshahi",45,"Bogra",308,"Gabtali",NA,"","Upazila|Thana|Po","Sub-district","",""
309,20,"BGD","Bangladesh",5,"Rajshahi",45,"Bogra",309,"Kahaloo",NA,"","Upazila|Thana|Po","Sub-district","",""
310,20,"BGD","Bangladesh",5,"Rajshahi",45,"Bogra",310,"Nandigram",NA,"","Upazila|Thana|Po","Sub-district","",""
311,20,"BGD","Bangladesh",5,"Rajshahi",45,"Bogra",311,"Sariakandi",NA,"","Upazila|Thana|Po","Sub-district","",""
312,20,"BGD","Bangladesh",5,"Rajshahi",45,"Bogra",312,"Sherpur",NA,"","Upazila|Thana|Po","Sub-district","",""
313,20,"BGD","Bangladesh",5,"Rajshahi",45,"Bogra",313,"Shibganj",NA,"","Upazila|Thana|Po","Sub-district","","Bogra"
314,20,"BGD","Bangladesh",5,"Rajshahi",45,"Bogra",314,"Sonatala",NA,"","Upazila|Thana|Po","Sub-district","",""
315,20,"BGD","Bangladesh",5,"Rajshahi",46,"Jaipurhat",315,"Akkelpur",NA,"","Upazila|Thana|Po","Sub-district","",""
316,20,"BGD","Bangladesh",5,"Rajshahi",46,"Jaipurhat",316,"Joypurhat S.",NA,"","Upazila|Thana|Po","Sub-district","",""
317,20,"BGD","Bangladesh",5,"Rajshahi",46,"Jaipurhat",317,"Kalai",NA,"","Upazila|Thana|Po","Sub-district","",""
318,20,"BGD","Bangladesh",5,"Rajshahi",46,"Jaipurhat",318,"Khetlal",NA,"","Upazila|Thana|Po","Sub-district","",""
319,20,"BGD","Bangladesh",5,"Rajshahi",46,"Jaipurhat",319,"Panchbibi",NA,"","Upazila|Thana|Po","Sub-district","",""
320,20,"BGD","Bangladesh",5,"Rajshahi",47,"Naogaon",320,"Atrai",NA,"","Upazila|Thana|Po","Sub-district","",""
321,20,"BGD","Bangladesh",5,"Rajshahi",47,"Naogaon",321,"Badalgachhi",NA,"","Upazila|Thana|Po","Sub-district","",""
322,20,"BGD","Bangladesh",5,"Rajshahi",47,"Naogaon",322,"Dhamoirhat",NA,"","Upazila|Thana|Po","Sub-district","",""
323,20,"BGD","Bangladesh",5,"Rajshahi",47,"Naogaon",323,"Mahadevpur",NA,"","Upazila|Thana|Po","Sub-district","",""
324,20,"BGD","Bangladesh",5,"Rajshahi",47,"Naogaon",324,"Manda",NA,"","Upazila|Thana|Po","Sub-district","",""
325,20,"BGD","Bangladesh",5,"Rajshahi",47,"Naogaon",325,"Naogaon S.",NA,"","Upazila|Thana|Po","Sub-district","",""
326,20,"BGD","Bangladesh",5,"Rajshahi",47,"Naogaon",326,"Niamatpur",NA,"","Upazila|Thana|Po","Sub-district","",""
327,20,"BGD","Bangladesh",5,"Rajshahi",47,"Naogaon",327,"Patnitala",NA,"","Upazila|Thana|Po","Sub-district","",""
328,20,"BGD","Bangladesh",5,"Rajshahi",47,"Naogaon",328,"Porsha",NA,"","Upazila|Thana|Po","Sub-district","",""
329,20,"BGD","Bangladesh",5,"Rajshahi",47,"Naogaon",329,"Raninagar",NA,"","Upazila|Thana|Po","Sub-district","",""
330,20,"BGD","Bangladesh",5,"Rajshahi",47,"Naogaon",330,"Sapahar",NA,"","Upazila|Thana|Po","Sub-district","",""
331,20,"BGD","Bangladesh",5,"Rajshahi",48,"Natore",331,"Bagatipara",NA,"","Upazila|Thana|Po","Sub-district","",""
332,20,"BGD","Bangladesh",5,"Rajshahi",48,"Natore",332,"Baraigram",NA,"","Upazila|Thana|Po","Sub-district","",""
333,20,"BGD","Bangladesh",5,"Rajshahi",48,"Natore",333,"Gurudaspur",NA,"","Upazila|Thana|Po","Sub-district","",""
334,20,"BGD","Bangladesh",5,"Rajshahi",48,"Natore",334,"Lalpur",NA,"","Upazila|Thana|Po","Sub-district","",""
335,20,"BGD","Bangladesh",5,"Rajshahi",48,"Natore",335,"Natore S.",NA,"","Upazila|Thana|Po","Sub-district","",""
336,20,"BGD","Bangladesh",5,"Rajshahi",48,"Natore",336,"Singra",NA,"","Upazila|Thana|Po","Sub-district","",""
337,20,"BGD","Bangladesh",5,"Rajshahi",49,"Nawabganj",337,"Bholahat",NA,"","Upazila|Thana|Po","Sub-district","",""
338,20,"BGD","Bangladesh",5,"Rajshahi",49,"Nawabganj",338,"Gomastapur",NA,"","Upazila|Thana|Po","Sub-district","",""
339,20,"BGD","Bangladesh",5,"Rajshahi",49,"Nawabganj",339,"Nachole",NA,"","Upazila|Thana|Po","Sub-district","",""
340,20,"BGD","Bangladesh",5,"Rajshahi",49,"Nawabganj",340,"Nawabganj S.",NA,"","Upazila|Thana|Po","Sub-district","","Nawabganj"
341,20,"BGD","Bangladesh",5,"Rajshahi",49,"Nawabganj",341,"Shibganj",NA,"","Upazila|Thana|Po","Sub-district","","Nawabganj"
342,20,"BGD","Bangladesh",5,"Rajshahi",50,"Pabna",342,"Atgharia",NA,"","Upazila|Thana|Po","Sub-district","",""
343,20,"BGD","Bangladesh",5,"Rajshahi",50,"Pabna",343,"Bera",NA,"","Upazila|Thana|Po","Sub-district","",""
344,20,"BGD","Bangladesh",5,"Rajshahi",50,"Pabna",344,"Bhangura",NA,"","Upazila|Thana|Po","Sub-district","",""
345,20,"BGD","Bangladesh",5,"Rajshahi",50,"Pabna",345,"Chatmohar",NA,"","Upazila|Thana|Po","Sub-district","",""
346,20,"BGD","Bangladesh",5,"Rajshahi",50,"Pabna",346,"Faridpur",NA,"","Upazila|Thana|Po","Sub-district","",""
347,20,"BGD","Bangladesh",5,"Rajshahi",50,"Pabna",347,"Ishwardi",NA,"","Upazila|Thana|Po","Sub-district","",""
348,20,"BGD","Bangladesh",5,"Rajshahi",50,"Pabna",348,"Pabna S.",NA,"","Upazila|Thana|Po","Sub-district","",""
349,20,"BGD","Bangladesh",5,"Rajshahi",50,"Pabna",349,"Santhia",NA,"","Upazila|Thana|Po","Sub-district","",""
350,20,"BGD","Bangladesh",5,"Rajshahi",50,"Pabna",350,"Sujanagar",NA,"","Upazila|Thana|Po","Sub-district","",""
351,20,"BGD","Bangladesh",5,"Rajshahi",51,"Rajshahi",351,"Bagha",NA,"","Upazila|Thana|Po","Sub-district","",""
352,20,"BGD","Bangladesh",5,"Rajshahi",51,"Rajshahi",352,"Bagmara",NA,"","Upazila|Thana|Po","Sub-district","",""
353,20,"BGD","Bangladesh",5,"Rajshahi",51,"Rajshahi",353,"Boalia",NA,"","Upazila|Thana|Po","Sub-district","",""
354,20,"BGD","Bangladesh",5,"Rajshahi",51,"Rajshahi",354,"Charghat",NA,"","Upazila|Thana|Po","Sub-district","",""
355,20,"BGD","Bangladesh",5,"Rajshahi",51,"Rajshahi",355,"Durgapur",NA,"","Upazila|Thana|Po","Sub-district","","Rajshahi"
356,20,"BGD","Bangladesh",5,"Rajshahi",51,"Rajshahi",356,"Godagari",NA,"","Upazila|Thana|Po","Sub-district","",""
357,20,"BGD","Bangladesh",5,"Rajshahi",51,"Rajshahi",357,"Mohanpur",NA,"","Upazila|Thana|Po","Sub-district","",""
358,20,"BGD","Bangladesh",5,"Rajshahi",51,"Rajshahi",358,"Paba",NA,"","Upazila|Thana|Po","Sub-district","",""
359,20,"BGD","Bangladesh",5,"Rajshahi",51,"Rajshahi",359,"Puthia",NA,"","Upazila|Thana|Po","Sub-district","",""
360,20,"BGD","Bangladesh",5,"Rajshahi",51,"Rajshahi",360,"Tanore",NA,"","Upazila|Thana|Po","Sub-district","",""
361,20,"BGD","Bangladesh",5,"Rajshahi",52,"Sirajgonj",361,"Belkuchi",NA,"","Upazila|Thana|Po","Sub-district","",""
362,20,"BGD","Bangladesh",5,"Rajshahi",52,"Sirajgonj",362,"Chauhali",NA,"","Upazila|Thana|Po","Sub-district","",""
363,20,"BGD","Bangladesh",5,"Rajshahi",52,"Sirajgonj",363,"Kamarkhanda",NA,"","Upazila|Thana|Po","Sub-district","",""
364,20,"BGD","Bangladesh",5,"Rajshahi",52,"Sirajgonj",364,"Kazipur",NA,"","Upazila|Thana|Po","Sub-district","",""
365,20,"BGD","Bangladesh",5,"Rajshahi",52,"Sirajgonj",365,"Raiganj",NA,"","Upazila|Thana|Po","Sub-district","",""
366,20,"BGD","Bangladesh",5,"Rajshahi",52,"Sirajgonj",366,"Shahjadpur",NA,"","Upazila|Thana|Po","Sub-district","",""
367,20,"BGD","Bangladesh",5,"Rajshahi",52,"Sirajgonj",367,"Sirajganj S.",NA,"","Upazila|Thana|Po","Sub-district","",""
368,20,"BGD","Bangladesh",5,"Rajshahi",52,"Sirajgonj",368,"Tarash",NA,"","Upazila|Thana|Po","Sub-district","",""
369,20,"BGD","Bangladesh",5,"Rajshahi",52,"Sirajgonj",369,"Ullahpara",NA,"","Upazila|Thana|Po","Sub-district","",""
370,20,"BGD","Bangladesh",6,"Rangpur",53,"Dinajpur",370,"Biral",NA,"","Upazila|Thana|Po","Sub-district","",""
371,20,"BGD","Bangladesh",6,"Rangpur",53,"Dinajpur",371,"Birampur",NA,"","Upazila|Thana|Po","Sub-district","",""
372,20,"BGD","Bangladesh",6,"Rangpur",53,"Dinajpur",372,"Birganj",NA,"","Upazila|Thana|Po","Sub-district","",""
373,20,"BGD","Bangladesh",6,"Rangpur",53,"Dinajpur",373,"Bochaganj",NA,"","Upazila|Thana|Po","Sub-district","",""
374,20,"BGD","Bangladesh",6,"Rangpur",53,"Dinajpur",374,"Chirirbandar",NA,"","Upazila|Thana|Po","Sub-district","",""
375,20,"BGD","Bangladesh",6,"Rangpur",53,"Dinajpur",375,"Dinajpur S.",NA,"","Upazila|Thana|Po","Sub-district","",""
376,20,"BGD","Bangladesh",6,"Rangpur",53,"Dinajpur",376,"Ghoraghat",NA,"","Upazila|Thana|Po","Sub-district","",""
377,20,"BGD","Bangladesh",6,"Rangpur",53,"Dinajpur",377,"Hakimpur",NA,"","Upazila|Thana|Po","Sub-district","",""
378,20,"BGD","Bangladesh",6,"Rangpur",53,"Dinajpur",378,"Kaharole",NA,"","Upazila|Thana|Po","Sub-district","",""
379,20,"BGD","Bangladesh",6,"Rangpur",53,"Dinajpur",379,"Khansama",NA,"","Upazila|Thana|Po","Sub-district","",""
380,20,"BGD","Bangladesh",6,"Rangpur",53,"Dinajpur",380,"Nawabganj",NA,"","Upazila|Thana|Po","Sub-district","","Dinajpur"
381,20,"BGD","Bangladesh",6,"Rangpur",53,"Dinajpur",381,"Parbatipur",NA,"","Upazila|Thana|Po","Sub-district","",""
382,20,"BGD","Bangladesh",6,"Rangpur",53,"Dinajpur",382,"Phulbari",NA,"","Upazila|Thana|Po","Sub-district","","Dinajpur"
383,20,"BGD","Bangladesh",6,"Rangpur",54,"Gaibanda",383,"Gaibandha S.",NA,"","Upazila|Thana|Po","Sub-district","",""
384,20,"BGD","Bangladesh",6,"Rangpur",54,"Gaibanda",384,"Gobindaganj",NA,"","Upazila|Thana|Po","Sub-district","",""
385,20,"BGD","Bangladesh",6,"Rangpur",54,"Gaibanda",385,"Palashbari",NA,"","Upazila|Thana|Po","Sub-district","",""
386,20,"BGD","Bangladesh",6,"Rangpur",54,"Gaibanda",386,"Phulchhari",NA,"","Upazila|Thana|Po","Sub-district","",""
387,20,"BGD","Bangladesh",6,"Rangpur",54,"Gaibanda",387,"Sadullapur",NA,"","Upazila|Thana|Po","Sub-district","",""
388,20,"BGD","Bangladesh",6,"Rangpur",54,"Gaibanda",388,"Sughatta",NA,"","Upazila|Thana|Po","Sub-district","",""
389,20,"BGD","Bangladesh",6,"Rangpur",54,"Gaibanda",389,"Sundarganj",NA,"","Upazila|Thana|Po","Sub-district","",""
390,20,"BGD","Bangladesh",6,"Rangpur",55,"Kurigram",390,"Bhurungamari",NA,"","Upazila|Thana|Po","Sub-district","",""
391,20,"BGD","Bangladesh",6,"Rangpur",55,"Kurigram",391,"Charrajibpur",NA,"","Upazila|Thana|Po","Sub-district","",""
392,20,"BGD","Bangladesh",6,"Rangpur",55,"Kurigram",392,"Chilmari",NA,"","Upazila|Thana|Po","Sub-district","",""
393,20,"BGD","Bangladesh",6,"Rangpur",55,"Kurigram",393,"Kurigram S.",NA,"","Upazila|Thana|Po","Sub-district","",""
394,20,"BGD","Bangladesh",6,"Rangpur",55,"Kurigram",394,"Nageshwari",NA,"","Upazila|Thana|Po","Sub-district","",""
395,20,"BGD","Bangladesh",6,"Rangpur",55,"Kurigram",395,"Phulbari",NA,"","Upazila|Thana|Po","Sub-district","","Kurigram"
396,20,"BGD","Bangladesh",6,"Rangpur",55,"Kurigram",396,"Rajarhat",NA,"","Upazila|Thana|Po","Sub-district","",""
397,20,"BGD","Bangladesh",6,"Rangpur",55,"Kurigram",397,"Raomari",NA,"","Upazila|Thana|Po","Sub-district","",""
398,20,"BGD","Bangladesh",6,"Rangpur",55,"Kurigram",398,"Ulipur",NA,"","Upazila|Thana|Po","Sub-district","",""
399,20,"BGD","Bangladesh",6,"Rangpur",56,"Lalmonirhat",399,"Aditmari",NA,"","Upazila|Thana|Po","Sub-district","",""
400,20,"BGD","Bangladesh",6,"Rangpur",56,"Lalmonirhat",400,"Hatibandha",NA,"","Upazila|Thana|Po","Sub-district","",""
401,20,"BGD","Bangladesh",6,"Rangpur",56,"Lalmonirhat",401,"Kaliganj",NA,"","Upazila|Thana|Po","Sub-district","","Lalmonirhat"
402,20,"BGD","Bangladesh",6,"Rangpur",56,"Lalmonirhat",402,"Lalhonirhat S.",NA,"","Upazila|Thana|Po","Sub-district","",""
403,20,"BGD","Bangladesh",6,"Rangpur",56,"Lalmonirhat",403,"Patgram",NA,"","Upazila|Thana|Po","Sub-district","",""
404,20,"BGD","Bangladesh",6,"Rangpur",57,"Nilphamari",404,"Dimla",NA,"","Upazila|Thana|Po","Sub-district","",""
405,20,"BGD","Bangladesh",6,"Rangpur",57,"Nilphamari",405,"Domar",NA,"","Upazila|Thana|Po","Sub-district","",""
406,20,"BGD","Bangladesh",6,"Rangpur",57,"Nilphamari",406,"Jaldhaka",NA,"","Upazila|Thana|Po","Sub-district","",""
407,20,"BGD","Bangladesh",6,"Rangpur",57,"Nilphamari",407,"Kishoreganj",NA,"","Upazila|Thana|Po","Sub-district","",""
408,20,"BGD","Bangladesh",6,"Rangpur",57,"Nilphamari",408,"Nilphahari S.",NA,"","Upazila|Thana|Po","Sub-district","",""
409,20,"BGD","Bangladesh",6,"Rangpur",57,"Nilphamari",409,"Saidpur",NA,"","Upazila|Thana|Po","Sub-district","",""
410,20,"BGD","Bangladesh",6,"Rangpur",58,"Panchagarh",410,"Atwari",NA,"","Upazila|Thana|Po","Sub-district","",""
411,20,"BGD","Bangladesh",6,"Rangpur",58,"Panchagarh",411,"Boda",NA,"","Upazila|Thana|Po","Sub-district","",""
412,20,"BGD","Bangladesh",6,"Rangpur",58,"Panchagarh",412,"Debiganj",NA,"","Upazila|Thana|Po","Sub-district","",""
413,20,"BGD","Bangladesh",6,"Rangpur",58,"Panchagarh",413,"Panchagarh S.",NA,"","Upazila|Thana|Po","Sub-district","",""
414,20,"BGD","Bangladesh",6,"Rangpur",58,"Panchagarh",414,"Tentulia",NA,"","Upazila|Thana|Po","Sub-district","",""
415,20,"BGD","Bangladesh",6,"Rangpur",59,"Rongpur",415,"Badarganj",NA,"","Upazila|Thana|Po","Sub-district","",""
416,20,"BGD","Bangladesh",6,"Rangpur",59,"Rongpur",416,"Gangachhara",NA,"","Upazila|Thana|Po","Sub-district","",""
417,20,"BGD","Bangladesh",6,"Rangpur",59,"Rongpur",417,"Kaunia",NA,"","Upazila|Thana|Po","Sub-district","",""
418,20,"BGD","Bangladesh",6,"Rangpur",59,"Rongpur",418,"Mithapukur",NA,"","Upazila|Thana|Po","Sub-district","",""
419,20,"BGD","Bangladesh",6,"Rangpur",59,"Rongpur",419,"Pirgachha",NA,"","Upazila|Thana|Po","Sub-district","",""
420,20,"BGD","Bangladesh",6,"Rangpur",59,"Rongpur",420,"Pirganj",NA,"","Upazila|Thana|Po","Sub-district","","Rangpur"
421,20,"BGD","Bangladesh",6,"Rangpur",59,"Rongpur",421,"Rangpur S.",NA,"","Upazila|Thana|Po","Sub-district","",""
422,20,"BGD","Bangladesh",6,"Rangpur",59,"Rongpur",422,"Taraganj",NA,"","Upazila|Thana|Po","Sub-district","",""
423,20,"BGD","Bangladesh",6,"Rangpur",60,"Thakurgaon",423,"Baliadangi",NA,"","Upazila|Thana|Po","Sub-district","",""
424,20,"BGD","Bangladesh",6,"Rangpur",60,"Thakurgaon",424,"Haripur",NA,"","Upazila|Thana|Po","Sub-district","",""
425,20,"BGD","Bangladesh",6,"Rangpur",60,"Thakurgaon",425,"Pirganj",NA,"","Upazila|Thana|Po","Sub-district","","Thakurgaon"
426,20,"BGD","Bangladesh",6,"Rangpur",60,"Thakurgaon",426,"Ranisankail",NA,"","Upazila|Thana|Po","Sub-district","",""
427,20,"BGD","Bangladesh",6,"Rangpur",60,"Thakurgaon",427,"Thakurgaon S.",NA,"","Upazila|Thana|Po","Sub-district","",""
428,20,"BGD","Bangladesh",7,"Sylhet",61,"Hobiganj",428,"Ajmiriganj",NA,"","Upazila|Thana|Po","Sub-district","",""
429,20,"BGD","Bangladesh",7,"Sylhet",61,"Hobiganj",429,"Bahubal",NA,"","Upazila|Thana|Po","Sub-district","",""
430,20,"BGD","Bangladesh",7,"Sylhet",61,"Hobiganj",430,"Baniachong",NA,"","Upazila|Thana|Po","Sub-district","",""
431,20,"BGD","Bangladesh",7,"Sylhet",61,"Hobiganj",431,"Chunarughat",NA,"","Upazila|Thana|Po","Sub-district","",""
432,20,"BGD","Bangladesh",7,"Sylhet",61,"Hobiganj",432,"Habiganj S.",NA,"","Upazila|Thana|Po","Sub-district","",""
433,20,"BGD","Bangladesh",7,"Sylhet",61,"Hobiganj",433,"Lakhai",NA,"","Upazila|Thana|Po","Sub-district","",""
434,20,"BGD","Bangladesh",7,"Sylhet",61,"Hobiganj",434,"Madhabpur",NA,"","Upazila|Thana|Po","Sub-district","",""
435,20,"BGD","Bangladesh",7,"Sylhet",61,"Hobiganj",435,"Nabiganj",NA,"","Upazila|Thana|Po","Sub-district","",""
436,20,"BGD","Bangladesh",7,"Sylhet",62,"Moulvibazar",436,"Barlekha",NA,"","Upazila|Thana|Po","Sub-district","",""
437,20,"BGD","Bangladesh",7,"Sylhet",62,"Moulvibazar",437,"Kamalganj",NA,"","Upazila|Thana|Po","Sub-district","",""
438,20,"BGD","Bangladesh",7,"Sylhet",62,"Moulvibazar",438,"Kulaura",NA,"","Upazila|Thana|Po","Sub-district","",""
439,20,"BGD","Bangladesh",7,"Sylhet",62,"Moulvibazar",439,"Maulvibazar S.",NA,"","Upazila|Thana|Po","Sub-district","",""
440,20,"BGD","Bangladesh",7,"Sylhet",62,"Moulvibazar",440,"Rajnagar",NA,"","Upazila|Thana|Po","Sub-district","",""
441,20,"BGD","Bangladesh",7,"Sylhet",62,"Moulvibazar",441,"Sreemangal",NA,"","Upazila|Thana|Po","Sub-district","",""
442,20,"BGD","Bangladesh",7,"Sylhet",63,"Sun Amgonj",442,"Bishwamvarpur",NA,"","Upazila|Thana|Po","Sub-district","",""
443,20,"BGD","Bangladesh",7,"Sylhet",63,"Sun Amgonj",443,"Chhatak",NA,"","Upazila|Thana|Po","Sub-district","",""
444,20,"BGD","Bangladesh",7,"Sylhet",63,"Sun Amgonj",444,"Derai",NA,"","Upazila|Thana|Po","Sub-district","",""
445,20,"BGD","Bangladesh",7,"Sylhet",63,"Sun Amgonj",445,"Dharampasha",NA,"","Upazila|Thana|Po","Sub-district","",""
446,20,"BGD","Bangladesh",7,"Sylhet",63,"Sun Amgonj",446,"Dowarabazar",NA,"","Upazila|Thana|Po","Sub-district","",""
447,20,"BGD","Bangladesh",7,"Sylhet",63,"Sun Amgonj",447,"Jagannathpur",NA,"","Upazila|Thana|Po","Sub-district","",""
448,20,"BGD","Bangladesh",7,"Sylhet",63,"Sun Amgonj",448,"Jamalganj",NA,"","Upazila|Thana|Po","Sub-district","",""
449,20,"BGD","Bangladesh",7,"Sylhet",63,"Sun Amgonj",449,"Sullah",NA,"","Upazila|Thana|Po","Sub-district","",""
450,20,"BGD","Bangladesh",7,"Sylhet",63,"Sun Amgonj",450,"Sunamganj S.",NA,"","Upazila|Thana|Po","Sub-district","",""
451,20,"BGD","Bangladesh",7,"Sylhet",63,"Sun Amgonj",451,"Tahirpur",NA,"","Upazila|Thana|Po","Sub-district","",""
452,20,"BGD","Bangladesh",7,"Sylhet",64,"Sylhet",452,"Balaganj",NA,"","Upazila|Thana|Po","Sub-district","",""
453,20,"BGD","Bangladesh",7,"Sylhet",64,"Sylhet",453,"Beanibazar",NA,"","Upazila|Thana|Po","Sub-district","",""
454,20,"BGD","Bangladesh",7,"Sylhet",64,"Sylhet",454,"Bishwanath",NA,"","Upazila|Thana|Po","Sub-district","",""
455,20,"BGD","Bangladesh",7,"Sylhet",64,"Sylhet",455,"Companiganj",NA,"","Upazila|Thana|Po","Sub-district","","Sylhet"
456,20,"BGD","Bangladesh",7,"Sylhet",64,"Sylhet",456,"Fenchuganj",NA,"","Upazila|Thana|Po","Sub-district","",""
457,20,"BGD","Bangladesh",7,"Sylhet",64,"Sylhet",457,"Golabganj",NA,"","Upazila|Thana|Po","Sub-district","",""
458,20,"BGD","Bangladesh",7,"Sylhet",64,"Sylhet",458,"Gowainghat",NA,"","Upazila|Thana|Po","Sub-district","",""
459,20,"BGD","Bangladesh",7,"Sylhet",64,"Sylhet",459,"Jaintiapur",NA,"","Upazila|Thana|Po","Sub-district","",""
460,20,"BGD","Bangladesh",7,"Sylhet",64,"Sylhet",460,"Kanaighat",NA,"","Upazila|Thana|Po","Sub-district","",""
461,20,"BGD","Bangladesh",7,"Sylhet",64,"Sylhet",461,"Sylhet S.",NA,"","Upazila|Thana|Po","Sub-district","",""
462,20,"BGD","Bangladesh",7,"Sylhet",64,"Sylhet",462,"Zakiganj",NA,"","Upazila|Thana|Po","Sub-district","",""
